release_id,product_id,version,release_date,author_id,title,summary,breaking_changes,features,bug_fixes,change_ids,incident_fixes
1,2,3.9.0,2025-01-08,52,TechCorp AI Core v3.9.0 — Integration & API Release,Release 3.9.0 for TechCorp AI Core. Includes 2 changes and 0 incident fixes.,true,"New REST API v2 endpoints, Webhook retry with exponential backoff, Salesforce & HubSpot native connectors","Fixed webhook signature verification edge case, Resolved OAuth token refresh race condition, Fixed rate limit header accuracy","9,37",
2,4,3.3.10,2025-06-26,44,InsightFlow Analytics v3.3.10 — Platform Upgrade,Release 3.3.10 for InsightFlow Analytics. Includes 3 changes and 1 incident fixes.,false,"Database engine upgrade to v15.2, Improved backup compression (60% storage savings), Cross-region replication GA","Fixed replication lag monitoring alert threshold, Resolved backup corruption on large tenants, Fixed failover timing for APAC region","10,9,35",52
3,1,3.0.11,2025-01-13,50,TechCorp AI Core v3.0.11 — Maintenance & Bug Fix Release,Release 3.0.11 for TechCorp AI Core. Includes 1 changes and 1 incident fixes.,true,"Improved error messages for common config issues, Enhanced admin audit log filtering","Fixed 23 minor bugs including: pagination off-by-one, timezone DST transition, bulk import validation, email template rendering",12,4
4,9,2.1.15,2024-12-24,22,TeamSync Collaboration v2.1.15 — Integration & API Release,Release 2.1.15 for TeamSync Collaboration. Includes 1 changes and 2 incident fixes.,true,"New REST API v2 endpoints, Webhook retry with exponential backoff, Salesforce & HubSpot native connectors","Fixed webhook signature verification edge case, Resolved OAuth token refresh race condition, Fixed rate limit header accuracy",29,"15,40"
5,9,4.7.20,2025-05-27,2,TeamSync Collaboration v4.7.20 — Maintenance & Bug Fix Release,Release 4.7.20 for TeamSync Collaboration. Includes 4 changes and 1 incident fixes.,false,"Improved error messages for common config issues, Enhanced admin audit log filtering","Fixed 23 minor bugs including: pagination off-by-one, timezone DST transition, bulk import validation, email template rendering","26,28,44,7",46
6,2,4.9.4,2025-04-24,4,TechCorp AI Core v4.9.4 — Performance & Stability Release,Release 4.9.4 for TechCorp AI Core. Includes 3 changes and 2 incident fixes.,false,"Query performance improvements (40% faster dashboard loads), New export formats (Parquet, XLSX), Enhanced rate limiting controls","Fixed dashboard timeout for reports >100k rows, Resolved SSO session renewal race condition, Fixed CSV export encoding for CJK characters","40,41,38","46,21"
7,9,4.7.16,2025-05-08,21,TeamSync Collaboration v4.7.16 — Platform Upgrade,Release 4.7.16 for TeamSync Collaboration. Includes 1 changes and 2 incident fixes.,false,"Database engine upgrade to v15.2, Improved backup compression (60% storage savings), Cross-region replication GA","Fixed replication lag monitoring alert threshold, Resolved backup corruption on large tenants, Fixed failover timing for APAC region",42,"57,50"
8,7,5.3.13,2024-11-07,15,Sentinel Security Suite v5.3.13 — Security Patch Release,Release 5.3.13 for Sentinel Security Suite. Includes 4 changes and 1 incident fixes.,false,"Enhanced MFA enforcement for admin accounts, New audit log retention controls, Improved password policy configuration","Patched CVE-2025-1234 (dependency vulnerability), Fixed authorization bypass on nested resources, Resolved TLS 1.0 fallback issue","27,47,7,21",21
9,3,5.1.2,2025-05-11,40,TechCorp AI Core v5.1.2 — Feature Release: AI Copilot,Release 5.1.2 for TechCorp AI Core. Includes 4 changes and 2 incident fixes.,false,"AI Copilot for query generation (beta), Natural language dashboard creation, Auto-generated insights summaries","Fixed intermittent timeout on large dataset exports, Resolved notification delivery delays, Fixed mobile viewport rendering","7,48,24,9","4,38"
10,6,2.6.11,2025-06-01,21,Sentinel Security Suite v2.6.11 — Platform Upgrade,Release 2.6.11 for Sentinel Security Suite. Includes 3 changes and 0 incident fixes.,false,"Database engine upgrade to v15.2, Improved backup compression (60% storage savings), Cross-region replication GA","Fixed replication lag monitoring alert threshold, Resolved backup corruption on large tenants, Fixed failover timing for APAC region","39,20,23",
11,3,5.3.3,2024-09-16,16,TechCorp AI Core v5.3.3 — Security Patch Release,Release 5.3.3 for TechCorp AI Core. Includes 3 changes and 2 incident fixes.,false,"Enhanced MFA enforcement for admin accounts, New audit log retention controls, Improved password policy configuration","Patched CVE-2025-1234 (dependency vulnerability), Fixed authorization bypass on nested resources, Resolved TLS 1.0 fallback issue","8,49,18","15,52"
12,10,2.9.8,2025-03-27,2,CustomerIQ v2.9.8 — Platform Upgrade,Release 2.9.8 for CustomerIQ. Includes 3 changes and 1 incident fixes.,true,"Database engine upgrade to v15.2, Improved backup compression (60% storage savings), Cross-region replication GA","Fixed replication lag monitoring alert threshold, Resolved backup corruption on large tenants, Fixed failover timing for APAC region","45,49,20",23
13,10,5.1.4,2025-05-12,2,CustomerIQ v5.1.4 — Security Patch Release,Release 5.1.4 for CustomerIQ. Includes 2 changes and 1 incident fixes.,false,"Enhanced MFA enforcement for admin accounts, New audit log retention controls, Improved password policy configuration","Patched CVE-2025-1234 (dependency vulnerability), Fixed authorization bypass on nested resources, Resolved TLS 1.0 fallback issue","25,27",22
14,12,4.9.19,2025-06-01,40,DataVault Backup v4.9.19 — Feature Release: AI Copilot,Release 4.9.19 for DataVault Backup. Includes 2 changes and 2 incident fixes.,true,"AI Copilot for query generation (beta), Natural language dashboard creation, Auto-generated insights summaries","Fixed intermittent timeout on large dataset exports, Resolved notification delivery delays, Fixed mobile viewport rendering","11,49","4,44"
15,11,5.7.19,2024-11-27,22,CustomerIQ v5.7.19 — Integration & API Release,Release 5.7.19 for CustomerIQ. Includes 3 changes and 0 incident fixes.,false,"New REST API v2 endpoints, Webhook retry with exponential backoff, Salesforce & HubSpot native connectors","Fixed webhook signature verification edge case, Resolved OAuth token refresh race condition, Fixed rate limit header accuracy","14,49,33",
16,5,5.8.9,2025-03-07,80,InsightFlow Analytics v5.8.9 — Performance & Stability Release,Release 5.8.9 for InsightFlow Analytics. Includes 4 changes and 1 incident fixes.,false,"Query performance improvements (40% faster dashboard loads), New export formats (Parquet, XLSX), Enhanced rate limiting controls","Fixed dashboard timeout for reports >100k rows, Resolved SSO session renewal race condition, Fixed CSV export encoding for CJK characters","39,4,1,14",14
17,5,4.1.0,2024-11-19,25,InsightFlow Analytics v4.1.0 — Feature Release: AI Copilot,Release 4.1.0 for InsightFlow Analytics. Includes 2 changes and 2 incident fixes.,false,"AI Copilot for query generation (beta), Natural language dashboard creation, Auto-generated insights summaries","Fixed intermittent timeout on large dataset exports, Resolved notification delivery delays, Fixed mobile viewport rendering","9,25","46,15"
18,6,2.6.1,2025-06-18,21,Sentinel Security Suite v2.6.1 — Maintenance & Bug Fix Release,Release 2.6.1 for Sentinel Security Suite. Includes 4 changes and 2 incident fixes.,false,"Improved error messages for common config issues, Enhanced admin audit log filtering","Fixed 23 minor bugs including: pagination off-by-one, timezone DST transition, bulk import validation, email template rendering","5,21,37,28","26,46"
19,2,5.0.10,2024-11-04,45,TechCorp AI Core v5.0.10 — Feature Release: AI Copilot,Release 5.0.10 for TechCorp AI Core. Includes 3 changes and 0 incident fixes.,false,"AI Copilot for query generation (beta), Natural language dashboard creation, Auto-generated insights summaries","Fixed intermittent timeout on large dataset exports, Resolved notification delivery delays, Fixed mobile viewport rendering","6,28,7",
20,9,2.6.9,2025-03-06,15,TeamSync Collaboration v2.6.9 — Integration & API Release,Release 2.6.9 for TeamSync Collaboration. Includes 3 changes and 2 incident fixes.,false,"New REST API v2 endpoints, Webhook retry with exponential backoff, Salesforce & HubSpot native connectors","Fixed webhook signature verification edge case, Resolved OAuth token refresh race condition, Fixed rate limit header accuracy","50,11,5","41,8"
21,6,4.2.7,2025-04-14,41,Sentinel Security Suite v4.2.7 — Security Patch Release,Release 4.2.7 for Sentinel Security Suite. Includes 3 changes and 0 incident fixes.,false,"Enhanced MFA enforcement for admin accounts, New audit log retention controls, Improved password policy configuration","Patched CVE-2025-1234 (dependency vulnerability), Fixed authorization bypass on nested resources, Resolved TLS 1.0 fallback issue","13,12,39",
22,2,3.7.14,2024-09-11,22,TechCorp AI Core v3.7.14 — Maintenance & Bug Fix Release,Release 3.7.14 for TechCorp AI Core. Includes 3 changes and 1 incident fixes.,false,"Improved error messages for common config issues, Enhanced admin audit log filtering","Fixed 23 minor bugs including: pagination off-by-one, timezone DST transition, bulk import validation, email template rendering","41,21,10",5
23,5,4.9.1,2024-10-11,16,InsightFlow Analytics v4.9.1 — Maintenance & Bug Fix Release,Release 4.9.1 for InsightFlow Analytics. Includes 1 changes and 1 incident fixes.,true,"Improved error messages for common config issues, Enhanced admin audit log filtering","Fixed 23 minor bugs including: pagination off-by-one, timezone DST transition, bulk import validation, email template rendering",20,29
24,5,2.1.19,2024-11-03,18,InsightFlow Analytics v2.1.19 — Feature Release: AI Copilot,Release 2.1.19 for InsightFlow Analytics. Includes 1 changes and 2 incident fixes.,false,"AI Copilot for query generation (beta), Natural language dashboard creation, Auto-generated insights summaries","Fixed intermittent timeout on large dataset exports, Resolved notification delivery delays, Fixed mobile viewport rendering",29,"42,13"
25,9,3.0.14,2025-01-03,41,TeamSync Collaboration v3.0.14 — Integration & API Release,Release 3.0.14 for TeamSync Collaboration. Includes 1 changes and 2 incident fixes.,false,"New REST API v2 endpoints, Webhook retry with exponential backoff, Salesforce & HubSpot native connectors","Fixed webhook signature verification edge case, Resolved OAuth token refresh race condition, Fixed rate limit header accuracy",33,"12,3"
26,8,3.5.11,2024-12-11,2,TeamSync Collaboration v3.5.11 — Integration & API Release,Release 3.5.11 for TeamSync Collaboration. Includes 4 changes and 0 incident fixes.,false,"New REST API v2 endpoints, Webhook retry with exponential backoff, Salesforce & HubSpot native connectors","Fixed webhook signature verification edge case, Resolved OAuth token refresh race condition, Fixed rate limit header accuracy","50,22,44,39",
27,6,2.5.3,2025-02-02,18,Sentinel Security Suite v2.5.3 — Maintenance & Bug Fix Release,Release 2.5.3 for Sentinel Security Suite. Includes 3 changes and 0 incident fixes.,false,"Improved error messages for common config issues, Enhanced admin audit log filtering","Fixed 23 minor bugs including: pagination off-by-one, timezone DST transition, bulk import validation, email template rendering","47,43,39",
28,11,3.5.9,2025-04-22,19,CustomerIQ v3.5.9 — Platform Upgrade,Release 3.5.9 for CustomerIQ. Includes 1 changes and 2 incident fixes.,false,"Database engine upgrade to v15.2, Improved backup compression (60% storage savings), Cross-region replication GA","Fixed replication lag monitoring alert threshold, Resolved backup corruption on large tenants, Fixed failover timing for APAC region",20,"25,42"
29,11,2.6.16,2025-06-18,17,CustomerIQ v2.6.16 — Security Patch Release,Release 2.6.16 for CustomerIQ. Includes 3 changes and 1 incident fixes.,false,"Enhanced MFA enforcement for admin accounts, New audit log retention controls, Improved password policy configuration","Patched CVE-2025-1234 (dependency vulnerability), Fixed authorization bypass on nested resources, Resolved TLS 1.0 fallback issue","20,12,14",50
30,3,3.1.9,2024-10-11,41,TechCorp AI Core v3.1.9 — Security Patch Release,Release 3.1.9 for TechCorp AI Core. Includes 1 changes and 1 incident fixes.,false,"Enhanced MFA enforcement for admin accounts, New audit log retention controls, Improved password policy configuration","Patched CVE-2025-1234 (dependency vulnerability), Fixed authorization bypass on nested resources, Resolved TLS 1.0 fallback issue",43,57
31,10,5.2.5,2025-04-04,46,CustomerIQ v5.2.5 — Security Patch Release,Release 5.2.5 for CustomerIQ. Includes 4 changes and 2 incident fixes.,false,"Enhanced MFA enforcement for admin accounts, New audit log retention controls, Improved password policy configuration","Patched CVE-2025-1234 (dependency vulnerability), Fixed authorization bypass on nested resources, Resolved TLS 1.0 fallback issue","3,27,24,44","16,29"
32,8,3.8.7,2024-10-30,13,TeamSync Collaboration v3.8.7 — Maintenance & Bug Fix Release,Release 3.8.7 for TeamSync Collaboration. Includes 2 changes and 2 incident fixes.,false,"Improved error messages for common config issues, Enhanced admin audit log filtering","Fixed 23 minor bugs including: pagination off-by-one, timezone DST transition, bulk import validation, email template rendering","24,44","29,30"
33,9,5.2.6,2025-02-19,43,TeamSync Collaboration v5.2.6 — Integration & API Release,Release 5.2.6 for TeamSync Collaboration. Includes 1 changes and 1 incident fixes.,false,"New REST API v2 endpoints, Webhook retry with exponential backoff, Salesforce & HubSpot native connectors","Fixed webhook signature verification edge case, Resolved OAuth token refresh race condition, Fixed rate limit header accuracy",42,56
34,12,2.4.2,2025-02-08,45,DataVault Backup v2.4.2 — Performance & Stability Release,Release 2.4.2 for DataVault Backup. Includes 4 changes and 0 incident fixes.,false,"Query performance improvements (40% faster dashboard loads), New export formats (Parquet, XLSX), Enhanced rate limiting controls","Fixed dashboard timeout for reports >100k rows, Resolved SSO session renewal race condition, Fixed CSV export encoding for CJK characters","33,10,28,6",
35,1,5.0.12,2025-02-27,17,TechCorp AI Core v5.0.12 — Feature Release: AI Copilot,Release 5.0.12 for TechCorp AI Core. Includes 4 changes and 1 incident fixes.,true,"AI Copilot for query generation (beta), Natural language dashboard creation, Auto-generated insights summaries","Fixed intermittent timeout on large dataset exports, Resolved notification delivery delays, Fixed mobile viewport rendering","6,24,15,2",60
36,11,4.2.4,2025-02-01,80,CustomerIQ v4.2.4 — Maintenance & Bug Fix Release,Release 4.2.4 for CustomerIQ. Includes 4 changes and 1 incident fixes.,false,"Improved error messages for common config issues, Enhanced admin audit log filtering","Fixed 23 minor bugs including: pagination off-by-one, timezone DST transition, bulk import validation, email template rendering","45,9,49,46",29
37,1,4.3.4,2025-05-02,21,TechCorp AI Core v4.3.4 — Performance & Stability Release,Release 4.3.4 for TechCorp AI Core. Includes 3 changes and 0 incident fixes.,false,"Query performance improvements (40% faster dashboard loads), New export formats (Parquet, XLSX), Enhanced rate limiting controls","Fixed dashboard timeout for reports >100k rows, Resolved SSO session renewal race condition, Fixed CSV export encoding for CJK characters","16,20,8",
38,10,5.1.3,2024-09-26,25,CustomerIQ v5.1.3 — Maintenance & Bug Fix Release,Release 5.1.3 for CustomerIQ. Includes 1 changes and 2 incident fixes.,false,"Improved error messages for common config issues, Enhanced admin audit log filtering","Fixed 23 minor bugs including: pagination off-by-one, timezone DST transition, bulk import validation, email template rendering",41,"37,16"
39,7,2.9.11,2024-09-08,50,Sentinel Security Suite v2.9.11 — Feature Release: AI Copilot,Release 2.9.11 for Sentinel Security Suite. Includes 4 changes and 1 incident fixes.,false,"AI Copilot for query generation (beta), Natural language dashboard creation, Auto-generated insights summaries","Fixed intermittent timeout on large dataset exports, Resolved notification delivery delays, Fixed mobile viewport rendering","12,43,6,34",5
40,9,2.6.15,2024-12-11,80,TeamSync Collaboration v2.6.15 — Platform Upgrade,Release 2.6.15 for TeamSync Collaboration. Includes 3 changes and 1 incident fixes.,true,"Database engine upgrade to v15.2, Improved backup compression (60% storage savings), Cross-region replication GA","Fixed replication lag monitoring alert threshold, Resolved backup corruption on large tenants, Fixed failover timing for APAC region","17,48,2",51
